,City,Cloudiness,Country,Date,Humidity,Lat,Lng,Max Temp,Wind Speed
0,port alfred,68,ZA,1554714000,81,-33.5906,26.891,72.42,8.39
1,quatre cocos,100,MU,1554714000,84,-20.2078,57.7625,81.66,13.27
2,meulaboh,24,ID,1554714000,100,4.1363,96.1285,83.5,4.47
3,pevek,44,RU,1554714000,69,69.7028,170.2747,1.78,4.03
4,belyy yar,0,RU,1554714000,61,53.6039,91.3903,44.06,4.25
5,hermanus,0,ZA,1554714000,56,-34.4176,19.2361,75.81,3.69
6,ushuaia,0,AR,1554714000,100,-54.807,-68.3074,28.58,2.3
7,kapaa,100,US,1554714000,100,22.0752,-159.319,71.62,10.29
8,batemans bay,88,AU,1554714000,56,-35.7073,150.1783,70.17,7.72
9,hilo,32,US,1554714000,99,19.7072,-155.0817,74.58,12.93
10,atuona,80,PF,1554714000,100,-9.8,-139.0334,81.7,9.57
11,cabo san lucas,0,MX,1554714000,100,22.8938,-109.9112,69.36,7.49
12,busselton,0,AU,1554714000,80,-33.6445,115.3489,75.61,13.42
13,bredasdorp,76,ZA,1554714000,87,-34.5331,20.0428,67.92,17.4
14,hobart,44,AU,1554714000,53,-42.8826,147.3281,60.69,12.26
15,qaanaaq,8,GL,1554714000,76,77.484,-69.3633,22.75,11.41
16,vaini,0,IN,1554714000,53,15.336,74.4926,93.6,3.31
17,arraial do cabo,0,BR,1554714000,97,-22.9663,-42.0245,75.94,6.04
18,mar del plata,80,AR,1554714000,100,-46.4276,-67.5191,47.86,3.36
19,leningradskiy,20,RU,1554714000,66,69.3833,178.4167,-4.35,7.56
20,mataura,44,NZ,1554714000,59,-46.1928,168.8643,52.68,7.9
21,general roca,0,AR,1554714000,52,-39.0267,-67.5755,49.02,2.8
22,itarantim,80,BR,1554714000,96,-15.6521,-40.06,70.45,2.35
23,cape town,8,ZA,1554714000,89,-33.929,18.4174,64.17,8.79
24,boffa,8,GN,1554714000,72,10.1812,-14.0378,81.7,4.25
25,avarua,0,CK,1554714000,100,-21.2078,-159.775,79.89,15.61
26,zarubino,48,RU,1554714000,53,42.6511,131.062,48.4,10.02
27,panjakent,20,UZ,1554714000,77,39.4962,67.6141,70.34,1.74
28,nara,64,JP,1554714000,85,34.6845,135.8048,59.9,8.5
29,punta arenas,0,CL,1554714000,100,-53.1627,-70.9081,37.5,1.19
30,cidreira,76,BR,1554714000,97,-30.1658,-50.2184,66.4,4.99
31,fare,48,PF,1554714000,100,-16.7001,-151.0167,83.32,16.33
32,sundargarh,20,IN,1554714000,26,22.1201,84.0372,98.8,7.72
33,rikitea,0,PF,1554714000,100,-23.1203,-134.9692,76.57,4.88
34,iqaluit,64,CA,1554714000,76,63.7494,-68.5219,11.13,11.81
35,yellowknife,88,CA,1554714000,90,62.4541,-114.3774,31.14,14.09
36,dikson,56,RU,1554714000,100,73.5069,80.5464,17.35,7.23
37,namibe,24,AO,1554714000,100,-15.1902,12.1531,76.84,2.75
38,samarai,80,PG,1554714000,100,-10.6167,150.6667,81.16,8.72
39,jamestown,0,AU,1554714000,55,-33.2075,138.6035,64.06,9.24
40,alice springs,0,AU,1554714000,22,-23.6984,133.8813,86.04,9.24
41,chuy,0,UY,1554714000,93,-33.6938,-53.4562,52.9,2.75
42,ilulissat,56,GL,1554714000,66,69.2167,-51.1,38.01,11.3
43,heihe,56,RU,1554714000,29,50.2378,127.5132,47.04,12.26
44,sorland,76,NO,1554714000,100,67.667,12.6934,36.87,12.86
45,barrow,0,AR,1554714000,44,-38.3131,-60.2291,62.71,12.93
46,luganville,0,VU,1554714000,100,-15.5122,167.1784,82.51,13.42
47,panguna,100,PG,1554714000,86,-6.3164,155.4848,78.73,3.31
48,aksarka,36,RU,1554714000,100,66.5606,67.7975,28.96,4.7
49,nikolskoye,68,RU,1554714000,87,59.7035,30.7861,49.29,9.28
50,kieta,76,PG,1554714000,100,-6.2167,155.6333,79.81,2.53
51,fuxin,0,CN,1554714000,17,42.0152,121.6453,53.98,8.01
52,port elizabeth,100,US,1554714000,96,39.3134,-74.9811,53.82,11.36
53,mehamn,56,NO,1554714000,85,71.035,27.8517,33.94,7.05
54,ranau,56,MY,1554714000,92,5.9511,116.6663,74.35,0.51
55,vila velha,48,BR,1554714000,100,-3.7125,-38.6045,79.35,8.57
56,east london,64,ZA,1554714000,100,-33.0153,27.9116,70.44,15.61
57,cherskiy,24,RU,1554714000,69,68.75,161.3,9.43,2.86
58,tuatapere,80,NZ,1554714000,79,-46.1324,167.6908,61.8,12.64
59,kavieng,68,PG,1554714000,100,-2.5745,150.7967,79.09,7.38
60,soubre,88,CI,1554714000,97,5.7856,-6.6084,74.23,5.59
61,mahebourg,100,MU,1554714000,84,-20.4081,57.7,81.57,13.27
62,albany,92,US,1554714000,96,42.6512,-73.755,47.49,7.05
63,hofn,92,IS,1554714000,100,64.2539,-15.2082,38.14,11.14
64,mangaluru,0,IN,1554714000,65,12.8698,74.843,95.31,11.41
65,montepuez,20,MZ,1554714000,71,-13.1254,39.0017,83.14,11.3
66,constitucion,0,MX,1554714000,52,23.9912,-104.675,42.19,3.53
67,nemuro,8,JP,1554714000,95,43.3236,145.575,36.37,13.38
68,xichang,48,CN,1554714000,22,27.876,102.2549,77.68,3.02
69,biak,80,ID,1554714000,74,-0.9132,122.8766,86.83,2.3
70,pisco,48,PE,1554714000,94,-13.71,-76.203,67.84,1.86
71,ribeira grande,48,PT,1554714000,99,38.5167,-28.7001,58.93,11.74
72,beloha,0,MG,1554714000,40,-25.1739,45.0615,92.68,4.54
73,bluff,8,AU,1554714000,41,-23.58,149.0661,78.19,8.23
74,dali,0,CN,1554714000,59,25.6024,100.2449,65.14,5.48
75,ippy,0,CF,1554714000,52,6.2606,21.2,89.98,11.52
76,ostrovnoy,68,RU,1554714000,95,68.0544,39.5129,28.87,9.24
77,butaritari,92,KI,1554714000,100,3.0707,172.7902,81.88,12.37
78,severo-kurilsk,92,RU,1554714000,95,50.6789,156.125,32.02,22.03
79,takoradi,36,GH,1554714000,100,4.8874,-1.752,80.26,5.59
80,emerald,0,AU,1554714000,39,-23.5264,148.1619,76.74,7.11
81,bethel,76,US,1554714000,88,60.7922,-161.7559,29.67,7.23
82,honningsvag,80,NO,1554714000,97,70.9821,25.9704,31.68,7.38
83,sioux lookout,92,CA,1554714000,95,50.1001,-91.9191,31.47,3.58
84,abbotsford,76,CA,1554714000,94,49.0523,-122.3301,42.98,2.68
85,port lincoln,92,AU,1554714000,92,-34.7212,135.8592,64.06,15.84
86,cockburn town,8,TC,1554714000,99,21.4612,-71.1419,78.1,17.78
87,yako,20,BF,1554714000,21,12.9612,-2.2636,86.56,11.36
88,lorengau,92,PG,1554714000,100,-2.0226,147.2712,81.7,8.12
89,havelock,48,US,1554714000,92,34.8785,-76.9015,62.25,7.78
90,piet retief,88,ZA,1554714000,75,-27.0067,30.8078,68.29,5.99
91,maniitsoq,80,GL,1554714000,78,65.4167,-52.9001,25.81,7.05
92,ribeira brava,56,PT,1554714000,100,32.65,-17.0667,62.79,13.09
93,tiksi,0,RU,1554714000,68,71.6366,128.8685,31.84,9.51
94,ajdabiya,0,LY,1554714000,56,30.755,20.2233,72.52,9.8
95,aykhal,44,RU,1554714000,71,65.9451,111.5081,24.46,10.25
96,skjervoy,80,NO,1554714000,100,70.0311,20.9714,30.84,7.56
97,paamiut,88,GL,1554714000,90,61.994,-49.6678,32.74,11.03
98,te anau,32,NZ,1554714000,67,-45.4145,167.7175,50.83,6.11
99,ponta do sol,76,BR,1554714000,96,-20.6335,-45.9989,65.77,2.57
100,srednekolymsk,8,RU,1554714000,88,67.4555,153.7071,17.17,2.3
101,kodiak,0,US,1554714000,76,39.9519,-94.7572,48.78,1.79
102,vanimo,36,PG,1554714000,100,-2.6741,141.3028,82.06,11.14
103,tuktoyaktuk,68,CA,1554714000,93,69.444,-133.032,13.2,6.71
104,lowestoft,0,GB,1554714000,86,52.4752,1.7516,50.91,11.86
105,novo aripuana,88,BR,1554714000,95,-5.1206,-60.3798,75.22,2.53
106,rimbey,0,CA,1554714000,68,52.6417,-114.2386,29.7,4.59
107,west bay,68,GB,1554714000,78,50.7113,-2.7616,52.27,4.36
108,puerto ayora,32,EC,1554714000,100,-0.7394,-90.3518,77.83,4.99
109,siverek,80,TR,1554714000,99,37.7542,39.3174,58.69,2.24
110,sitka,0,US,1554714000,78,37.175,-99.6516,48.15,2.86
111,alyangula,92,AU,1554714000,100,-13.8484,136.4192,81.78,18.52
112,katsuura,12,JP,1554714000,63,33.9258,134.505,63.23,12.26
113,saint-pierre,80,FR,1554714000,62,48.9455,4.2446,56.59,4.54
114,prince rupert,92,CA,1554714000,100,54.3161,-130.3202,40.68,6.33
115,castro,56,CL,1554714000,97,-42.4824,-73.7644,51.58,2.46
116,naze,44,NG,1554714000,88,5.4333,7.0667,81.79,9.35
117,hohhot,80,CN,1554714000,27,40.8106,111.6522,68.41,4.88
118,chimbote,76,PE,1554714000,91,-9.0784,-78.5901,67.03,4.7
119,khatanga,48,RU,1554714000,85,71.9801,102.4743,13.75,8.9
120,porto recanati,80,IT,1554714000,85,43.4365,13.6613,55.5,11.63
121,mount gambier,92,AU,1554714000,71,-37.8302,140.7843,60.9,10.25
122,wavre,44,BE,1554714000,85,50.7164,4.6077,58.5,4.21
123,narsaq,92,GL,1554714000,80,60.9127,-46.0453,39.27,7.27
124,tasiilaq,92,GL,1554714000,94,65.6145,-37.6368,30.13,34.11
125,marystown,68,CA,1554714000,99,47.1658,-55.158,25.02,33.96
126,chipata,12,ZM,1554714000,48,-13.637,32.6492,84.04,8.79
127,soyo,92,AO,1554714000,94,-6.1334,12.3718,80.08,3.76
128,guerrero negro,0,MX,1554714000,57,27.971,-114.0364,58.21,4.47
129,bushehr,0,IR,1554714000,44,28.9685,50.8403,88.97,11.41
130,necochea,0,AR,1554714000,58,-38.5473,-58.7368,60.73,11.25
131,obo,32,CF,1554714000,91,5.3941,26.4927,83.23,11.59
132,pitiquito,0,MX,1554714000,51,30.6763,-112.0545,57.87,2.35
133,upernavik,92,GL,1554714000,88,72.7868,-56.1549,26.26,2.86
134,oussouye,8,SN,1554714000,63,12.489,-16.5433,75.58,6.11
135,mount isa,0,AU,1554714000,37,-20.729,139.4932,83.43,9.24
136,fortuna,32,ES,1554714000,63,38.1801,-1.126,67.95,4.7
137,vestmannaeyjar,80,IS,1554714000,86,63.4427,-20.2734,40.93,19.42
138,carnarvon,48,ZA,1554714000,72,-30.9678,22.1333,63.61,9.51
139,new norfolk,64,AU,1554714000,75,-42.7802,147.0615,59.13,15.43
140,tura,44,IN,1554714000,79,25.5174,90.2067,78.46,3.24
141,camalu,0,MX,1554714000,70,30.85,-116.0667,50.1,1.74
142,san cristobal,44,EC,1554714000,100,-0.3855,-78.5488,47.61,2.19
143,zilair,76,RU,1554714000,77,52.2337,57.4415,44.53,3.24
144,jalu,0,LY,1554714000,51,29.0331,21.5482,76.3,13.09
145,bingol,92,TR,1554714000,98,38.8847,40.4939,46.78,3.09
146,lebu,0,ET,1554714000,31,8.9611,38.7254,85.41,4.7
147,mabaruma,0,GY,1554714000,95,8.1986,-59.7817,72.88,6.04
148,aroeiras,64,BR,1554714000,95,-7.5463,-35.7081,72.63,3.69
149,provideniya,8,RU,1554714000,100,64.4238,-173.2276,16.26,29.71
150,hashtrud,32,IR,1554714000,77,37.476,47.0499,51.73,4.32
151,bambous virieux,100,MU,1554714000,84,-20.3428,57.7575,81.61,13.27
152,sarankhola,0,BD,1554714000,45,22.3082,89.7897,92.86,12.82
153,mahon,24,IE,1554714000,95,51.8922,-8.4043,49.92,17.4
154,nizwa,0,OM,1554714000,15,22.9324,57.5311,97.36,9.24
155,vardo,88,US,1554714000,96,39.6165,-77.7392,60.72,5.55
156,chicama,68,PE,1554714000,91,-7.8435,-79.1452,67.74,2.3
157,brigantine,92,US,1554714000,95,39.4101,-74.3646,53.15,13.94
158,sept-iles,0,CA,1554714000,63,50.2001,-66.3821,3.38,4.36
159,katherine,92,AU,1554714000,88,-14.4657,132.2631,85.24,12.53
160,hasaki,92,JP,1554714000,100,35.7333,140.8333,51.08,12.82
161,mayna,8,RU,1554714000,55,52.9983,91.4871,35.62,2.24
162,tandlianwala,0,PK,1554714000,66,31.0322,73.1332,84.94,11.81
163,hirara,24,JP,1554714000,100,24.8,125.2833,79.81,10.92
164,kruisfontein,64,ZA,1554714000,72,-34.0034,24.7314,69.19,2.24
165,kenai,0,US,1554714000,76,60.5544,-151.2584,35.52,3.98
166,goderich,92,CA,1554714000,100,43.7407,-81.7078,48.39,20.13
167,mayo,44,CA,1554714000,63,63.5927,-135.8962,30.07,4.81
168,beatrice,0,US,1554714000,74,40.2664,-96.7474,48.48,4.09
169,batagay,0,RU,1554714000,62,67.6549,134.6351,30.76,2.86
170,saskylakh,20,RU,1554714000,88,71.965,114.0939,20.5,3.58
171,jieshi,76,CN,1554714000,82,22.8158,115.8258,83.77,9.8
172,rovaniemi,88,FI,1554714000,66,66.4976,25.7192,29.94,10.92
173,thompson,92,CA,1554714000,75,55.7433,-97.8635,16.35,8.05
174,klaksvik,88,FO,1554714000,93,62.2266,-6.5891,43.17,24.11
175,kalmar,0,SE,1554714000,69,56.6616,16.3616,42.99,12.03
176,carutapera,12,BR,1554714000,95,-1.2017,-46.0206,74.14,2.98
177,dudinka,68,RU,1554714000,93,69.4061,86.1751,18.43,11.86
178,eslov,48,SE,1554714000,79,55.8393,13.3039,46.95,12.26
179,panzhihua,80,CN,1554714000,26,26.586,101.7179,79.17,7.61
180,joetsu,68,JP,1554714000,100,37.1468,138.2354,46.51,10.51
181,nivala,92,FI,1554714000,86,63.929,24.9613,35.61,9.35
182,zolotonosha,20,UA,1554714000,54,49.6688,32.0433,59.83,11.63
183,parakai,0,NZ,1554714000,93,-36.6603,174.4366,63.69,18.68
184,sinnamary,80,GF,1554714000,96,5.3772,-52.9574,79.27,11.59
185,georgetown,48,GY,1554714000,79,6.8026,-58.1629,74.22,4.88
186,beringovskiy,56,RU,1554714000,86,63.05,179.3167,13.39,23.94
187,comodoro rivadavia,68,AR,1554714000,100,-45.8654,-67.4808,54.34,4.7
188,san vicente,8,SV,1554714000,93,13.6433,-88.7837,67.56,1.97
189,okhotsk,8,RU,1554714000,74,59.3644,143.2411,31.84,5.55
190,hambantota,24,LK,1554714000,94,6.1241,81.1185,92.03,10.25
191,lompoc,68,US,1554714000,94,34.6392,-120.458,57.92,8.23
192,lakatoro,0,VU,1554714000,87,-16.1069,167.4185,79.9,9.73
193,padang,20,ID,1554714000,100,-0.9248,100.3633,84.22,12.26
194,nanortalik,80,GL,1554714000,89,60.1432,-45.2372,35.17,26.62
195,voznesenye,36,RU,1554714000,74,61.0184,35.4771,43.9,9.73
196,salalah,0,OM,1554714000,96,17.0149,54.0957,86.32,9.01
197,matamoros,0,US,1554714000,90,25.8705,-97.5067,62.19,2.75
198,luderitz,0,NA,1554714000,93,-26.6481,15.1594,61.81,9.35
199,tessalit,0,ML,1554714000,22,20.2009,1.014,75.76,5.21
200,longyearbyen,8,NO,1554714000,87,78.2198,15.6349,14.67,3.24
201,ban nahin,20,LA,1554714000,53,18.2418,104.2122,91.51,3.09
202,eyl,24,SO,1554714000,87,7.9808,49.8184,83.05,7.34
203,la palma,64,CO,1554714000,97,5.3606,-74.3906,63.88,0.74
204,ancud,88,CL,1554714000,98,-41.8682,-73.8288,55.13,2.57
205,raudeberg,36,NO,1554714000,83,61.9875,5.1352,43.34,3.69
206,harper,12,US,1554714000,89,30.2999,-99.2443,52.35,2.08
207,chokurdakh,68,RU,1554714000,86,70.6192,147.9022,16.63,2.98
208,saldanha,44,PT,1554714000,92,41.4184,-6.5524,47.14,8.28
209,peace river,0,CA,1554714000,64,56.2337,-117.2911,34.8,6.55
210,isangel,12,VU,1554714000,100,-19.55,169.2667,79.3,9.13
211,lagoa,24,PT,1554714000,90,37.1363,-8.4541,59.23,7.27
212,san rafael,0,AR,1554714000,69,-34.6127,-68.3306,47.59,3.69
213,cheyenne,0,US,1554714000,40,41.14,-104.8203,46.9,26.35
214,tautira,80,PF,1554714000,100,-17.7334,-149.15,82.31,16.28
215,husavik,88,CA,1554714000,89,50.5623,-96.9949,34.52,2.86
216,flinders,88,AU,1554714000,48,-34.581,150.846,81.32,8.72
217,samarkand,12,UZ,1554714000,77,39.6548,66.9758,71.24,4.21
218,adrar,0,DZ,1554714000,29,27.8734,-0.2875,76.19,7.38
219,yulara,0,AU,1554714000,20,-25.2411,130.9869,90.01,6.11
220,yeppoon,0,AU,1554714000,68,-23.1349,150.7437,77.14,11.92
221,tocopilla,48,CL,1554714000,100,-22.092,-70.198,59.74,1.34
222,sao filipe,48,CV,1554714000,97,14.8961,-24.4956,71.26,15.17
223,lebanon,92,US,1554714000,99,43.643,-72.2516,39.75,6.49
224,ambad,0,IN,1554714000,23,19.6146,75.7947,100.42,8.72
225,taybad,92,IR,1554714000,98,34.7402,60.7755,60.37,3.2
226,hithadhoo,80,MV,1554714000,100,-0.6,73.0833,83.5,3.69
227,kirensk,36,RU,1554714000,58,57.7764,108.1163,36.34,8.34
228,balotra,0,IN,1554714000,11,25.8348,72.2411,107.53,12.41
229,inhambane,8,MZ,1554714000,76,-23.866,35.3844,83.85,8.9
230,merauke,56,ID,1554714000,93,-8.4903,140.3956,82.6,7.27
231,pueblo nuevo,0,MX,1554714000,85,23.9909,-106.9557,60.98,2.01
232,nishihara,92,JP,1554714000,98,35.7387,139.5312,49.29,4.25
233,tabas,68,IR,1554714000,74,33.596,56.9247,68.63,2.24
234,kandrian,92,PG,1554714000,98,-6.2075,149.5476,76.48,2.08
235,qaqortoq,92,GL,1554714000,93,60.7167,-46.0334,38.68,6.33
236,richards bay,24,ZA,1554714000,77,-28.7745,32.0555,79.81,6.71
237,geraldton,92,CA,1554714000,96,49.7189,-86.9494,33.09,7.72
238,pervomayskiy,92,RU,1554714000,80,53.245,40.2851,48.04,10.25
239,aden,0,YE,1554714000,96,12.7896,45.0285,80.98,10.02
240,kavaratti,12,IN,1554714000,100,10.5669,72.642,86.74,4.7
241,bandarbeyla,0,SO,1554714000,100,9.4942,50.8122,80.89,6.78
242,kagadi,8,UG,1554714000,100,0.9473,30.804,78.73,7.05
243,tezu,68,IN,1554714000,75,27.9254,96.1647,62.8,1.19
244,bud,0,NO,1554714000,89,62.9088,6.9145,38.76,16.62
245,lat yao,32,TH,1554714000,40,15.7516,99.7895,96.01,3.87
246,una,88,BR,1554714000,100,-15.2922,-39.0745,78.27,1.01
247,dhidhdhoo,12,MV,1554714000,100,6.8833,73.1,85.12,2.19
248,ono,88,JP,1554714000,75,35.9794,136.4909,48.24,9.51
249,stykkisholmur,0,IS,1554714000,96,65.0757,-22.7297,34.54,6.11
250,cassia,20,US,1554714000,88,28.8894,-81.4654,69.09,6.38
251,burnie,88,AU,1554714000,100,-41.0524,145.9064,60.63,32.5
252,vao,32,EE,1554714000,83,59.1018,26.1904,40.84,4.25
253,coquimbo,24,CL,1554714000,100,-29.9532,-71.3381,57.66,3.8
254,northam,20,GB,1554714000,90,51.0401,-4.2136,50.7,5.82
255,margate,92,AU,1554714000,100,-43.0274,147.2623,57.85,16.06
256,camopi,92,GF,1554714000,98,3.166,-52.3341,73.87,2.46
257,el triunfo,36,HN,1554714000,78,13.1208,-86.993,72.61,1.57
258,novonikolayevskaya,8,RU,1554714000,44,45.5892,38.3689,68.83,13.6
259,airai,36,TL,1554714000,71,-8.9266,125.4092,79.27,1.52
260,torbay,76,CA,1554714000,100,47.6577,-52.727,25.0,30.6
261,sistranda,0,NO,1554714000,94,63.7256,8.834,36.42,6.89
262,poum,92,MK,1554714000,98,41.2813,20.7117,44.37,1.97
263,guasdualito,12,VE,1554714000,65,7.24,-70.733,76.3,4.88
264,chapais,44,CA,1554714000,74,49.7839,-74.8569,7.35,9.8
265,lisakovsk,8,KZ,1554714000,67,52.5459,62.4892,52.0,9.8
266,shahr-e kord,0,IR,1554714000,57,32.3257,50.8497,71.62,3.58
267,dire,0,ET,1554714000,31,9.1823,38.9236,85.41,4.7
268,ponta delgada,88,PT,1554714000,99,37.7333,-25.6667,59.37,13.6
269,baykit,88,RU,1554714000,75,61.6784,96.3854,26.53,10.29
270,sozimskiy,88,RU,1554714000,84,59.7418,52.2482,38.41,9.28
271,pokhvistnevo,88,RU,1554714000,100,53.6468,52.1233,49.12,4.21
272,hamilton,92,BM,1554714000,100,32.2956,-64.7828,66.57,5.77
273,camocim,48,BR,1554714000,94,-2.9006,-40.8429,72.97,3.87
274,talnakh,76,RU,1554714000,98,69.494,88.3908,16.81,10.36
275,wawa,56,NG,1554714000,75,9.9037,4.4101,85.84,10.85
276,pangai,68,TO,1554714000,96,-19.8,-174.3501,82.41,12.75
277,yankton,8,US,1554714000,60,42.8713,-97.3968,52.18,13.87
278,kushiro,8,JP,1554714000,52,43.1128,144.1501,36.42,8.61
279,pandan,24,PH,1554714000,90,11.7199,122.0946,83.86,15.84
280,broken hill,0,AU,1554714000,32,-31.9651,141.4511,79.7,11.74
281,oktyabrskiy,88,RU,1554714000,94,55.6086,37.9744,46.09,12.26
282,marsh harbour,0,BS,1554714000,100,26.5383,-77.0611,75.58,12.59
283,caravelas,88,BR,1554714000,99,-17.7297,-39.2661,81.7,7.38
284,sisimiut,48,GL,1554714000,87,66.9395,-53.6735,23.65,1.74
285,saint george,92,GR,1554714000,99,39.4548,22.34,54.39,3.36
286,wasco,44,US,1554714000,79,35.5941,-119.341,59.5,2.24
287,marawi,68,PH,1554714000,98,8.0035,124.2866,77.07,2.35
288,ikot ekpene,64,NG,1554714000,100,5.182,7.7132,78.01,8.72
289,vanavara,88,RU,1554714000,61,60.3452,102.2809,32.2,11.36
290,opuwo,0,NA,1554714000,23,-18.0559,13.8371,83.77,4.54
291,witu,76,KE,1554714000,48,-2.3878,40.4393,100.69,9.73
292,chumikan,24,RU,1554714000,65,54.7183,135.315,34.81,1.74
293,marmora,0,IT,1554714000,75,44.4594,7.0934,49.82,1.07
294,kamakwie,12,SL,1554714000,72,9.4963,-12.2413,80.53,4.32
295,berekua,76,DM,1554714000,93,15.2333,-61.3167,77.38,15.77
296,formosa,48,AR,1554714000,81,-26.1853,-58.1745,57.83,7.0
297,danjiangkou,12,CN,1554714000,61,32.5388,111.5114,81.43,11.52
298,cayenne,92,GF,1554714000,90,4.9371,-52.3259,78.0,8.5
299,tres arroyos,0,AR,1554714000,44,-38.3771,-60.2754,62.71,12.93
300,vila franca do campo,68,PT,1554714000,98,37.7167,-25.4334,59.28,14.27
301,boyolangu,64,ID,1554714000,91,-8.0857,111.9026,79.54,3.58
302,dingle,76,PH,1554714000,61,11.0001,122.6718,85.84,13.31
303,vostok,88,RU,1554714000,52,46.448,135.8294,38.41,2.46
304,kodino,32,RU,1554714000,84,63.7191,39.6364,44.98,3.98
305,haines junction,12,CA,1554714000,79,60.7527,-137.5101,29.32,4.36
306,la romana,20,DO,1554714000,91,18.4273,-68.9735,70.98,3.98
307,kamenka,48,RU,1554714000,98,53.185,44.0529,34.63,4.54
308,boende,8,CD,1554714000,78,-0.2837,20.8826,82.96,3.24
309,caluquembe,80,AO,1554714000,100,-13.7834,14.6833,65.68,2.46
310,komsomolskiy,88,RU,1554714000,100,67.5537,63.776,28.96,4.47
311,dunedin,24,NZ,1554714000,84,-45.874,170.5035,44.26,2.53
312,rawson,8,AR,1554714000,92,-43.2992,-65.1057,50.74,5.48
313,tailai,0,CN,1554714000,42,46.3912,123.4115,49.03,9.28
314,liaoyang,0,CN,1554714000,44,41.2743,123.1696,56.86,5.32
315,pak thong chai,24,TH,1554714000,59,14.7251,102.0219,91.23,7.38
316,qadian,0,IN,1554714000,53,31.8194,75.3758,89.98,10.25
317,belmonte,0,PT,1554714000,94,40.3583,-7.3513,53.1,3.53
318,shiyan,24,CN,1554714000,58,32.6451,110.7785,78.01,5.21
319,faanui,92,PF,1554714000,99,-16.4834,-151.75,84.76,18.19
320,colares,80,PT,1554714000,100,38.7992,-9.4463,57.57,13.09
321,beckley,92,US,1554714000,95,37.7782,-81.1882,60.33,4.76
322,saint-philippe,92,CA,1554714000,99,45.3584,-73.4791,34.56,17.63
323,touros,92,BR,1554714000,80,-5.1989,-35.4609,82.14,9.06
324,collie,0,AU,1554714000,31,-33.3592,116.1536,74.22,12.53
325,tashtyp,0,RU,1554714000,58,52.7959,89.8917,37.69,2.46
326,macau,0,BR,1554714000,95,-5.1132,-36.6351,71.53,4.88
327,daru,68,SL,1554714000,98,7.9915,-10.846,75.22,4.32
328,nuuk,68,GL,1554714000,100,64.175,-51.7356,27.24,4.99
329,tovuz,76,AZ,1554714000,60,40.9964,45.6189,70.48,4.09
330,vaitape,56,PF,1554714000,100,-16.5167,-151.75,83.95,18.12
331,kitgum,20,UG,1554714000,33,3.2965,32.8818,89.44,5.03
332,valparaiso,68,US,1554714000,93,41.4731,-87.0612,57.69,9.73
333,gidam,0,IN,1554714000,26,18.9754,81.3971,97.63,13.04
334,port-gentil,92,GA,1554714000,92,-0.7194,8.7815,84.3,4.25
335,souillac,92,FR,1554714000,76,45.6006,-0.6,49.59,11.63
336,anloga,64,GH,1554714000,78,5.7947,0.8973,83.94,11.07
337,ambilobe,0,MG,1554714000,69,-13.1945,49.05,86.83,11.36
338,faya,0,SA,1554714000,30,18.3851,42.4509,94.26,1.68
339,bambanglipuro,88,ID,1554714000,74,-7.95,110.2833,82.24,5.26
340,fort nelson,0,CA,1554714000,78,58.8063,-122.694,22.47,2.24
341,aksarayskiy,68,RU,1554714000,88,46.7924,48.0119,57.63,10.29
342,nioro,0,GM,1554714000,25,13.7912,-15.0495,84.58,10.58
343,anadyr,0,RU,1554714000,57,64.7317,177.5061,5.73,8.05
344,umm kaddadah,0,SD,1554714000,8,13.6017,26.6876,99.16,7.49
345,khonsa,88,IN,1554714000,94,26.991,95.5061,64.51,1.57
346,port hardy,32,CA,1554714000,92,50.6996,-127.4199,40.65,2.68
347,scarborough,0,GB,1554714000,83,54.2848,-0.4091,53.33,9.01
348,chauk,0,MM,1554714000,41,20.8948,94.8198,93.67,1.79
349,rassvet,76,MD,1554714000,60,47.2048,28.4297,58.29,9.35
350,goundam,0,ML,1554714000,23,16.4169,-3.6637,80.44,10.36
351,ziyang,0,CN,1554714000,33,30.1236,104.6481,90.61,6.38
352,kahului,12,US,1554714000,98,20.8894,-156.4728,68.91,8.79
353,lamesa,0,US,1554714000,82,32.7376,-101.951,49.51,3.2
354,karratha,80,AU,1554714000,49,-20.7371,116.8479,89.8,11.92
355,douentza,0,ML,1554714000,25,15.0069,-2.953,81.43,4.88
356,half moon bay,68,US,1554714000,98,37.4636,-122.4286,56.23,4.81
357,muros,92,ES,1554714000,100,42.7744,-9.0576,51.99,14.83
358,puerto leguizamo,92,CO,1554714000,93,-0.1934,-74.7819,73.96,2.86
359,benguela,76,AO,1554714000,95,-12.5791,13.4037,81.34,2.86
360,moussoro,0,TD,1554714000,17,13.6406,16.4908,105.46,10.63
361,muscat,32,OM,1554714000,52,23.5998,58.5451,104.54,2.46
362,flin flon,88,CA,1554714000,87,54.7698,-101.879,26.35,6.22
363,pundaguitan,12,PH,1554714000,92,6.3711,126.1689,83.95,5.1
364,voh,56,NC,1554714000,100,-20.95,164.6872,77.29,23.67
365,zhicheng,80,CN,1554714000,57,35.041,112.5917,63.78,18.86
366,gazanjyk,88,TM,1554714000,86,39.2446,55.5154,61.36,3.24
367,havre-saint-pierre,0,CA,1554714000,86,50.2334,-63.5987,6.9,11.41
368,xianshuigu,88,CN,1554714000,57,38.985,117.3828,53.37,19.57
369,talcahuano,88,CL,1554714000,100,-36.7167,-73.1167,52.62,7.27
370,verkhoyansk,12,RU,1554714000,71,67.5527,133.3912,28.33,2.53
371,sandakan,12,MY,1554714000,100,5.8402,118.1179,86.36,10.29
372,georgiyevka,80,RU,1554714000,78,52.2466,40.449,50.38,9.13
373,tottori,80,JP,1554714000,83,35.5014,134.2349,51.13,12.3
374,sault sainte marie,80,CA,1554714000,95,46.4906,-84.3593,38.85,3.58
375,rio gallegos,76,AR,1554714000,100,-51.6227,-69.2182,44.73,7.9
376,aksu,0,KZ,1554714000,55,52.0354,76.9341,54.46,5.77
377,norman wells,92,CA,1554714000,86,65.2824,-126.8328,21.88,2.35
378,muli,0,IN,1554714000,10,22.6217,71.4527,107.26,13.65
379,tual,0,ID,1554714000,100,-5.6667,132.75,84.85,2.8
380,lahaina,12,US,1554714000,98,20.8727,-156.6763,68.91,8.79
381,roald,0,NO,1554714000,88,62.5838,6.1242,38.4,18.01
382,martapura,32,ID,1554714000,76,-3.4055,114.8478,88.41,7.27
383,birzai,36,LT,1554714000,71,56.2,24.75,45.43,10.85
384,ibanda,48,UG,1554714000,87,0.33,30.0754,73.24,2.24
385,shahpur,0,IN,1554714000,26,22.1936,77.9051,98.08,10.02
386,rock springs,8,US,1554714000,69,41.5869,-109.2048,26.98,3.53
387,brits,92,ZA,1554714000,81,-25.6298,27.7842,65.4,6.26
388,plettenberg bay,44,ZA,1554714000,85,-34.0528,23.3716,67.93,8.39
389,citta di castello,36,IT,1554714000,95,43.4691,12.2305,56.03,4.81
390,nyagan,92,RU,1554714000,79,62.1446,65.4348,42.64,9.51
391,atar,48,MR,1554714000,34,20.5183,-13.0544,69.1,6.82
392,tando muhammad khan,0,PK,1554714000,22,25.1236,68.5335,103.84,1.68
393,bilma,0,NE,1554714000,13,18.6929,12.9187,91.33,12.64
394,sturgeon falls,92,CA,1554714000,87,46.3646,-79.9327,39.03,12.59
395,codrington,0,AU,1554714000,74,-28.9484,153.2428,73.89,4.81
396,nicoya,36,CR,1554714000,85,10.147,-85.4536,74.14,5.32
397,los llanos de aridane,24,ES,1554714000,100,28.6585,-17.9183,63.33,7.34
398,regeneracao,88,BR,1554714000,93,-6.2378,-42.6884,71.8,2.8
399,cap malheureux,68,MU,1554714000,100,-19.9842,57.6142,81.34,18.19
400,san quintin,48,PH,1554714000,81,17.5427,120.5203,83.41,2.19
401,three hills,0,CA,1554714000,56,51.7,-113.2667,35.37,8.39
402,sesheke,56,NA,1554714000,60,-17.4698,24.2909,77.38,4.54
403,wallacetown,0,GB,1554714000,88,55.4645,-4.6088,48.93,12.37
404,muisne,56,EC,1554714000,98,0.6104,-80.0186,69.37,2.75
405,sur,76,OM,1554714000,69,22.5702,59.5299,87.1,2.24
406,aleksandrov gay,48,RU,1554714000,100,50.1425,48.5684,54.16,6.6
407,quelimane,8,MZ,1554714000,74,-17.8776,36.8902,85.21,4.76
408,oda,20,JP,1554714000,90,35.1922,132.4996,56.89,16.55
409,kloulklubed,88,PW,1554714000,96,7.0419,134.2556,84.13,12.37
410,salvador,92,BR,1554714000,100,-12.9823,-38.4813,78.36,4.32
411,saint paul,0,US,1554714000,89,44.9504,-93.1016,40.37,6.33
412,skaudvile,12,LT,1554714000,78,55.4167,22.6167,49.66,9.51
413,kaitangata,32,NZ,1554714000,69,-46.2818,169.8464,50.73,4.81
414,znamenskoye,0,RU,1554714000,77,57.1274,73.822,51.1,9.73
415,tiszaszentimre,32,HU,1554714000,91,47.4914,20.7234,61.44,7.38
416,porto uniao,92,BR,1554714000,99,-26.2381,-51.0784,62.26,2.35
417,keetmanshoop,0,NA,1554714000,41,-26.5724,18.1453,73.33,4.59
418,springbok,0,ZA,1554714000,57,-29.666,17.8825,62.71,4.25
419,serenje,20,ZM,1554714000,64,-13.2314,30.2234,78.19,11.3
420,san pedro,0,AR,1554714000,92,-33.6759,-59.6629,52.56,2.8
421,viedma,0,AR,1554714000,92,-40.8086,-62.9947,56.41,7.78
422,songea,36,TZ,1554714000,96,-10.6788,35.6484,74.48,2.3
423,pueblo,0,US,1554714000,38,38.2544,-104.6092,42.78,3.09
424,diffa,0,NE,1554714000,20,13.3154,12.6113,102.76,8.57
425,atambua,8,ID,1554714000,92,-9.1066,124.892,82.96,5.21
426,netanya,0,IL,1554714000,76,32.3286,34.8566,71.25,2.68
427,najran,0,SA,1554714000,24,17.544,44.2247,103.73,6.6
428,shenjiamen,92,CN,1554714000,92,29.9576,122.298,62.62,13.6
429,arauca,12,VE,1554714000,65,7.0825,-70.7571,76.3,4.88
430,tilaran,36,CR,1554714000,85,10.4716,-84.968,75.16,5.32
431,kulhudhuffushi,12,MV,1554714000,100,6.6221,73.07,85.12,2.19
432,lasa,0,CY,1554714000,75,34.9245,32.5278,69.42,5.21
433,santokhgarh,24,IN,1554714000,59,31.3667,76.3167,83.97,11.59
434,san patricio,80,PY,1554714000,90,-26.9767,-56.8274,61.99,2.75
435,mortka,64,RU,1554714000,75,59.3303,66.0221,43.63,9.06
436,gornopravdinsk,44,RU,1554714000,66,60.0603,69.9229,49.3,9.06
437,severo-yeniseyskiy,88,RU,1554714000,59,60.3725,93.0408,33.28,9.51
438,manacapuru,88,BR,1554714000,98,-3.2997,-60.6214,75.13,3.69
439,willowmore,12,ZA,1554714000,40,-33.2954,23.4883,75.85,1.79
440,kununurra,92,AU,1554714000,64,-15.7731,128.7388,88.65,12.75
441,simao,44,CN,1554714000,47,22.7618,100.7911,75.85,4.99
442,miraflores,64,CO,1554714000,97,5.1955,-73.144,51.1,1.86
443,aleksandrovsk-sakhalinskiy,92,RU,1554714000,86,50.8975,142.1561,33.46,7.78
444,gazimurskiy zavod,76,RU,1554714000,41,51.5511,118.3349,36.34,5.32
445,egvekinot,12,RU,1554714000,79,66.3167,-179.1667,5.47,5.32
446,fastovetskaya,20,RU,1554714000,72,45.9173,40.1547,62.83,15.88
447,ingham,0,AU,1554714000,90,-18.6477,146.1603,78.1,11.86
448,middlebury,92,US,1554714000,94,44.0143,-73.1673,46.41,3.87
449,aklavik,64,CA,1554714000,52,68.2183,-135.0136,4.29,3.69
450,shimoda,0,JP,1554714000,95,34.701,138.9287,64.04,13.82
451,zalantun,48,CN,1554714000,40,48.0,122.7167,44.89,5.88
452,ixtapa,0,MX,1554714000,71,20.715,-105.2067,64.85,0.45
453,bogorodskoye,44,RU,1554714000,61,52.371,140.4412,34.36,6.22
454,liverpool,8,GB,1554714000,90,53.4055,-2.9806,49.51,8.9
455,kysyl-syr,8,RU,1554714000,56,63.8986,122.7713,36.88,6.89
456,gambo,8,NG,1554714000,44,11.9641,9.6255,94.48,13.76
457,shingu,0,JP,1554714000,80,33.7241,135.993,67.42,21.88
458,mersing,76,MY,1554714000,74,2.4276,103.8364,86.38,10.13
459,tanout,0,NE,1554714000,12,14.9712,8.8784,95.47,9.8
460,waddan,0,LY,1554714000,40,29.1615,16.1414,68.56,10.63
461,laguna,0,MX,1554714000,70,27.5185,-110.0074,60.01,1.07
462,methoni,92,GR,1554714000,100,36.8197,21.7049,57.67,9.57
463,millinocket,92,US,1554714000,62,45.6577,-68.7099,28.8,5.55
464,mirnyy,88,RU,1554714000,90,56.5712,36.4603,44.71,18.68
465,vallenar,0,CL,1554714000,68,-28.5751,-70.7617,50.74,3.02
466,talara,0,PE,1554714000,83,-4.5797,-81.2719,68.38,2.98
467,junction city,0,US,1554714000,81,39.0286,-96.8314,44.83,2.8
468,whitehorse,0,CA,1554714000,74,60.7216,-135.055,34.11,5.37
469,san pedro de macoris,48,DO,1554714000,100,18.4616,-69.2972,71.4,5.48
470,ous,64,RU,1554714000,68,60.9078,61.5172,45.52,8.23
471,jacareacanga,80,BR,1554714000,95,-6.2243,-57.7609,72.7,2.46
472,awbari,0,LY,1554714000,31,26.5897,12.7694,68.74,9.8
473,esperance,92,TT,1554714000,91,10.2447,-61.4506,75.03,4.47
474,kaitong,56,CN,1554714000,37,44.8135,123.15,50.56,6.89
475,deoranian,8,IN,1554714000,58,28.6333,79.4833,93.9,4.21
476,gat,8,SN,1554714000,31,14.6934,-16.5351,79.89,11.3
477,kihei,12,US,1554714000,98,20.7574,-156.446,68.91,8.79
478,ulfborg,0,DK,1554714000,73,56.2673,8.3217,46.05,16.78
479,gold coast,44,AU,1554714000,96,-28.0024,153.4146,78.91,10.29
480,tadine,44,NC,1554714000,100,-21.55,167.8833,76.57,9.73
481,shirokiy,92,RU,1554714000,95,53.8731,39.1716,44.96,11.81
482,ostroleka,0,PL,1554714000,69,53.0862,21.5757,59.22,4.32
483,avila,80,US,1554714000,85,38.9084,-76.6142,60.99,9.01
484,arlit,0,NE,1554714000,31,18.7391,7.3933,80.17,7.72
485,genhe,56,CN,1554714000,54,50.7833,121.5167,31.3,8.39
486,paka,92,HR,1554714000,96,45.2902,18.06,54.87,3.58
487,ust-tsilma,24,RU,1554714000,76,65.441,52.1498,38.32,6.11
488,kiruna,8,SE,1554714000,69,67.8551,20.2255,29.75,6.38
489,marovoay,0,MG,1554714000,45,-16.1111,46.6417,99.84,9.51
490,dubovyy umet,44,RU,1554714000,100,52.9801,50.2908,47.14,6.55
491,lazarev,20,RU,1554714000,76,52.225,141.5131,26.53,9.35
492,alofi,8,NU,1554714000,99,-19.0596,-169.9187,81.51,14.27
493,basco,0,US,1554714000,79,40.3278,-91.2002,52.8,9.35
494,cadiz,64,US,1554714000,97,40.2728,-80.9968,61.43,6.55
495,suez,44,EG,1554714000,50,29.9745,32.5371,78.01,11.59
496,madison,0,US,1554714000,86,43.0748,-89.3838,46.6,14.32
497,tucupita,0,VE,1554714000,85,9.0581,-62.0501,72.43,5.26
498,baft,88,IR,1554714000,73,29.234,56.6057,52.81,7.23
499,chiredzi,0,ZW,1554714000,57,-21.0456,31.6709,84.04,9.51
500,svirstroy,88,RU,1554714000,98,60.7999,33.7248,39.4,8.12
501,zhigansk,44,RU,1554714000,69,66.7656,123.3741,34.54,9.84
502,nangong,100,CN,1554714000,92,37.3581,115.3744,51.01,9.73
503,pingliang,92,CN,1554714000,59,35.541,106.6799,61.45,3.98
504,pacific grove,88,US,1554714000,94,36.6174,-121.9156,55.9,1.01
505,baghmara,48,IN,1554714000,50,23.795,86.2085,90.43,4.09
506,raisinghnagar,0,IN,1554714000,33,29.5358,73.4459,97.9,7.34
507,honiara,80,SB,1554714000,100,-9.4313,159.9553,75.94,1.97
508,valverde del camino,92,ES,1554714000,99,37.574,-6.7544,56.77,8.61
509,xunchang,12,CN,1554714000,35,28.4535,104.7102,85.21,3.53
510,hobyo,0,SO,1554714000,66,5.3505,48.5268,86.38,10.58
511,clarence town,0,AU,1554714000,58,-32.5886,151.7799,78.96,3.58
512,port-cartier,0,CA,1554714000,100,50.0257,-66.8819,16.8,14.61
513,victoria,56,BN,1554714000,98,5.2785,115.2423,86.76,13.04
514,iquitos,92,PE,1554714000,98,-3.749,-73.2459,74.23,3.24
515,sosnovo-ozerskoye,0,RU,1554714000,32,52.5286,111.5381,36.34,12.3
516,seoul,36,KR,1554714000,43,37.5667,126.9783,55.27,6.71
517,bafq,24,IR,1554714000,43,31.6002,55.3979,70.45,6.49
518,mangaratiba,76,BR,1554714000,100,-22.9601,-44.0412,76.75,2.53
519,praya,64,ID,1554714000,95,-8.7054,116.2704,87.42,5.88
520,spring hill,12,US,1554714000,91,28.4635,-82.5364,71.31,8.5
521,lebyazhye,100,RU,1554714000,77,59.9616,29.4167,43.53,6.78
522,clyde river,76,CA,1554714000,80,70.4692,-68.5915,6.03,2.24
523,sao joao da barra,12,BR,1554714000,96,-21.6403,-41.0512,81.34,17.85
524,jinchang,92,CN,1554714000,91,38.5207,102.186,40.3,4.25
525,hay river,68,CA,1554714000,92,60.8156,-115.7867,32.82,3.09
526,terrace,88,CA,1554714000,84,54.5211,-128.6101,35.62,1.57
527,kochevo,48,BG,1554714000,68,42.1032,24.9211,63.34,4.54
528,mundo nuevo,8,CL,1554714000,93,-32.7193,-71.4147,52.45,2.3
529,tulun,0,RU,1554714000,38,54.5621,100.5792,39.49,6.82
530,kidal,0,ML,1554714000,15,18.4449,1.4096,80.26,7.56
531,khilchipur,0,IN,1554714000,18,24.0479,76.5759,102.31,7.72
532,bathsheba,44,BB,1554714000,100,13.2167,-59.5167,77.7,18.34
533,lata,56,IN,1554714000,84,30.7809,78.6152,55.51,1.3
534,krutinka,0,RU,1554714000,85,56.0064,71.5113,45.79,10.36
535,sedkyrkeshch,92,RU,1554714000,91,61.7248,50.956,37.77,7.61
536,barcelos,92,PT,1554714000,100,41.5314,-8.6193,48.79,3.58
537,chipiona,0,PE,1554714000,74,-14.5382,-75.1954,48.4,1.68
538,pimentel,92,BR,1554714000,97,-3.7033,-45.5026,74.86,2.86
539,ambon,88,FR,1554714000,92,47.5542,-2.5567,49.8,12.37
